v0,v1,v2,y
0.13625420359187335,0.3849842690556886,0.8481453896019321,0.2285428990756243
0.09748960700338605,0.07063144617807005,0.5127605270562198,0.23096535404310137
0.009218986158392894,0.9727988862032225,0.09695980287483674,0.5705846732768839
0.8100753041286503,0.41118614738094894,0.14598782109576514,0.603813305486762
0.6772493571780228,0.7854319660887197,0.20671529979319125,0.10990676530786136
0.11741404618771623,0.8403127628701381,0.48875967563579903,0.3676567286918474
0.9487767922208338,0.9154015548289263,0.7094429998107568,0.8306455338978902
0.7706537496469146,0.7605381062823666,0.8845955339665661,0.6962940934272567
0.8843001501692109,0.9280459299563626,0.06969770059789815,0.061809493452565256
0.17127460089708502,0.26316870673073123,0.18821151356967636,0.38135025992002447
0.7564449067875156,0.20429708892359577,0.9106505601978857,0.5910534004376984
0.8187141502016637,0.09739814912001732,0.9175758944339493,0.8289790586927173
0.2388401359412533,0.3927794438665173,0.1440294615644362,0.671351685441551
0.6244970597267647,0.04860573761461706,0.5223035718132757,0.2560756505657932
0.37354892273861695,0.8210333304462206,0.2547253402038082,0.44558819525758886
0.5345800269556052,0.24074626913665564,0.9588325182762325,0.2903101466562653
0.8373363869465444,0.3989278941391021,0.7134165430756875,0.26116688992959924
0.5917867846248385,0.47003079812420556,0.8081087559912283,0.1909612459492449
0.6364500286817149,0.8115556811589456,0.18299641584990878,0.8427305767967922
0.13014720765187116,0.4432019406368668,0.6092796974813761,0.1217542860832116
0.6369208010407179,0.932381945019529,0.39075927207031425,0.25279811583170964
0.07362184522398063,0.46180939585859426,0.0010359334798371034,0.2482615317340735
0.25255136131952005,0.5842665426094381,0.6780471548431352,0.6632690146921659
0.160498875434403,0.8731299957642736,0.727885511637923,0.4355553165402002
0.4329057280139994,0.6343277066415814,0.5323182884278224,0.5706334154883397
0.5952992286366683,0.507749299905182,0.24404809349159062,0.8710797115099437
0.576089074164807,0.947702613731664,0.4743181844984615,0.5711260847678302
0.47081722748352095,0.22701162353126692,0.3654273206658313,0.13489744814864268
0.5824729628500522,0.5157928254892515,0.9789761982533707,0.8615310905622559
0.11504869851660204,0.9152846135960784,0.6073508262463229,0.29839308201287207
0.3877734682109929,0.5045615272317623,0.39086875346864514,0.28861276792391
0.34263118303741014,0.9227642936321601,0.6843734292310482,0.3655333017772253
0.4918658251376795,0.9465953906404843,0.8316200063987267,0.1642414991547817
0.39794690851129777,0.4097158813656986,0.838960754101151,0.22944733060229383
0.5922233637870734,0.9295847513385935,0.3854146776402604,0.25233507680500444
0.03398833622793063,0.0349894313502539,0.09481733258457792,0.9663693289177973
0.8247677704795463,0.5227150941686229,0.5155213458757162,0.5268027195041531
0.5415617496773927,0.21119522621810816,0.6880345649557907,0.30805038674498286
0.7645919911708757,0.7897648597829643,0.3776579586991129,0.27468123213108164
0.7069191007475328,0.802331752985045,0.9476923888332482,0.6101735478028779
0.2034476078737424,0.4552264416195654,0.2055718022992178,0.18940967537305609
0.7729207256970109,0.11103606770710117,0.3224257519958271,0.5939766262673865
0.5258422832485089,0.05870571564142513,0.9394125958514046,0.518261483745765
0.9494218444562487,0.4439760746252337,0.589578101564846,0.8776720820436705
0.31004416401016566,0.7189258861676585,0.030818891509394652,0.584413767982355
0.7125732446839577,0.929040524263762,0.4487892480892748,0.14176561411204958
0.3639312929967682,0.08002066320711865,0.2581871191106955,0.11059704792394331
0.18950894329417522,0.1353352112273961,0.5300613351043367,0.25446725898027
0.5976490518676321,0.9592534255567741,0.18991614386901157,0.8410904332060477
0.2603448619702319,0.07907824612414283,0.21262532120530375,0.798857054839751
0.0155267375878958,0.988945021367598,0.9222691437644762,0.4047009734089567
0.4482893002205348,0.5476107781459789,0.24326223513860024,0.6973013563119117
0.7228244721448464,0.45761058415375366,0.8398604652778268,0.2610391765904033
0.6348904438112395,0.9766280450954188,0.22617326776621383,0.494822985705611
0.8152274950954196,0.5693868544824916,0.9502328649517464,0.9882891951000375
0.25226352290495235,0.7895554428086871,0.31800735349462295,0.09518899790177837
0.4692993458856035,0.35429382222711925,0.7959866004117883,0.15811599660240738
0.7837504943424051,0.7375822839132397,0.051827771795601274,0.7555457427449652
0.750126814541494,0.9334464312323247,0.19286399371376206,0.7662818171159008
0.9708084371264726,0.4189510166744338,0.5047929282219707,0.20875829796522472
0.06735519726651762,0.22455811377976787,0.5448489600741474,0.4491923388565602
0.293848580185726,0.057896676239857614,0.47695921495720395,0.9357793066191052
0.40632947264145347,0.5858503117363805,0.4231387420400057,0.9647490966387441
0.6066501620131922,0.04692692670336662,0.737329913228308,0.9920871898283167
0.7393136127170922,0.3122835183940321,0.8739276009440664,0.3634840098632871
0.5836830688473456,0.5916411924990336,0.9426134920914102,0.8509622326735066
0.5305170057105828,0.8533622839654131,0.6987471959433856,0.635107643716724
0.18294459494793025,0.37224429779364987,0.09549600081723042,0.8370827997627285
0.1984002393036085,0.08183732604259164,0.2247754124014184,0.9862073865845032
0.28483242083656246,0.7592739536270905,0.46888037249162284,0.43915284616650807
0.4646168899701738,0.11734829088505172,0.010426905146205256,0.8858032596883367
0.5071156596617042,0.6767169800763236,0.249711956981445,0.9173796033926523
0.8873819124044222,0.1805945649383911,0.929467209101645,0.8695291882065557
0.8747967792566905,0.9091085508219717,0.2695870388788191,0.4793725328331039
0.15184633987065843,0.8974366707150466,0.3335992508226713,0.3517413470876739
0.17754982276049325,0.4665625700396374,0.9874959361275556,0.37748676365124934
0.4148167389276799,0.19119735366946922,0.866590520495301,0.6170171027112419
0.7711772114060129,0.0053506027334028206,0.30221920704955385,0.5128751160250189
0.8097298574258646,0.8696462998458133,0.0008145149630164328,0.16980468283306716
0.809835706118433,0.8221507861030474,0.38788899528046417,0.5158699031145022
0.1134982248327101,0.9168515788817436,0.6226236357066105,0.6774849302997703
0.31638659132475944,0.9089518273220775,0.2204133735354974,0.4248170144767075
0.3358865207298911,0.14979544313744608,0.40469191820459116,0.6588751197186266
0.0925015469221051,0.8166323338908735,0.33075155341685714,0.35184480818695907
0.5356051687222685,0.07336185387406713,0.8903160406356518,0.9522135156712624
0.3206274723414544,0.802503886983651,0.9456099834783362,0.774475487620808
0.8841309712718536,0.6567030930277283,0.04403193500423985,0.5271126454903712
0.2971988878272923,0.5508779777566785,0.6981392220002312,0.7996031583114784
0.7327704733918584,0.9071813412985527,0.6302840594478678,0.1130835363574405
0.5331077000369076,0.24704853657596892,0.2323074489752721,0.9668113976877282
0.7141016535378047,0.5445607354257952,0.8136779974483855,0.8182585489640437
0.21733228870512722,0.3431617046180715,0.8570032735279042,0.1839782228289517
0.9088183181129222,0.0034148793160911906,0.7967851116278085,0.22962001601803572
0.9980031666671648,0.062479763735876714,0.7441574731380777,0.9284501148664975
0.16183700227293296,0.27900018215035693,0.9360752483549225,0.6384012640461562
0.15132524262176483,0.6878156791090038,0.6701039500124417,0.2871522946548697
0.10384122719407574,0.745758185928008,0.7973742401522754,0.8521189065131459
0.07945017671635468,0.18930987985573366,0.46603569432655445,0.25206942013028577
0.011458829138896953,0.010021214939464174,0.24027112665330774,0.7238945854290729
0.7164024311102338,0.8856578342146348,0.5421586684135955,0.5069663470754956
0.6240871147207913,0.5123242058739144,0.4881680075361219,0.03958692675765629
0.04473097550705185,0.913385148336363,0.5137103609550391,0.6370618025775757
0.7024633115436721,0.6574593487048055,0.18370138502734068,0.2697731921726997
0.8681350413642481,0.2321036056376935,0.6028343703868884,0.09611767342811295
0.7008670983223088,0.951623153909056,0.9037312254180926,0.10722515121180509
0.9731943610273571,0.8160442128655249,0.6356639461855326,0.07352448624305186
0.055257794223462775,0.05575671274153082,0.05694809638719356,0.41381498166459174
0.4708205688289473,0.22604373110460774,0.5923540890205324,0.2666924432684503
0.011993588874664063,0.9171628968328176,0.3268986746000787,0.6790613106128619
0.3992987830477035,0.7701424839353773,0.6996843928923182,0.05438351796963681
0.27645365853502313,0.42908539426857206,0.9886512167480435,0.1941178985478753
0.8827348835867973,0.5832076701052189,0.5835593785664437,0.6586345030920305
0.21968973681766402,0.42994551164588757,0.19582559558254709,0.3240164584794092
0.7466405415321543,0.18341542293990154,0.4509685688959264,0.8014687479435668
0.5117213573255311,0.4147195755864175,0.6124958713688259,0.5830366976352533
0.6468467637089124,0.3790104204658008,0.4644458184512622,0.06016346094647962
0.14337479573884482,0.8208052777075641,0.4369948761821425,0.7104316244058125
0.6869586830485719,0.6263092557991474,0.2643121743757475,0.9750261326353687
0.7717577106792798,0.5035674976679932,0.7407624834927398,0.15192594811159654
0.7298001266283826,0.21938459673316102,0.2253421034162364,0.4762468376636213
0.4190152003316967,0.6679547493470168,0.05160906862635528,0.8304210619973272
0.9576750576259735,0.20511443278230834,0.5634704499318025,0.3313250524229199
0.6727161146430062,0.8458142469535685,0.3096305694138243,0.6956912532982026
0.8185113266590346,0.1447265570091465,0.8965456482588144,0.5386194712900352
0.9511745414417411,0.8711616536635611,0.3854122583542664,0.8164096987125492
0.30941906672352326,0.36185887056827615,0.6226438788469536,0.4182959943994581
0.6904010927563844,0.0855925248582744,0.1993437187739977,0.9184728485894611
0.37302303725976826,0.7391821456731501,0.7217713789827974,0.7720280298186767
0.8095966404206012,0.20513316121496206,0.7820269050644519,0.018203253637883665
0.06842905282599798,0.7531565731118809,0.09581472666890745,0.7793049792432336
0.602963507583975,0.6132993115268256,0.7993935954139083,0.9005230166780149
0.6510816386947443,0.26212214462837324,0.35397169045068144,0.8034195763139633
0.6118656325584029,0.5681455821195478,0.7531413216435959,0.5613443922428889
0.8710888018811865,0.7068740230230166,0.5331508989315057,0.804449097528253
0.6121280896759753,0.6316956589721988,0.3628359390299646,0.22909349600175877
0.09346017316923139,0.4269703295489633,0.9734252213017878,0.7626598229570085
0.9287987404915508,0.21246789984572823,0.6053257174294474,0.4735299811788798
0.36078224911615375,0.37279219872932223,0.6628610521426013,0.8075295059293682
0.40731855303045406,0.6970098780576308,0.24941347426643135,0.9297891787242929
0.2100038431555622,0.7383859397935979,0.14503444189010672,0.18662520280194994
0.7728181806105052,0.10422834074723386,0.16442650646550538,0.5909971256608557
0.9049481837744413,0.6992258564043626,0.03503732774827961,0.9571286877713193
0.7434214186849006,0.819754133665154,0.7616728912916129,0.7954038401323058
0.7644341667158396,0.21151858852690664,0.6099841809637372,0.8234297287589354
0.07165916582257059,0.5289969858746422,0.3375733035406602,0.9364875427533165
0.07901162916588278,0.3710954695678803,0.3149810543252357,0.6993913416242581
0.2116390296649997,0.5092385380688546,0.5326672166089462,0.07751309201611534
0.1879104486194152,0.6426184034144267,0.35432512240204406,0.04924575287272781
0.4144521657653465,0.32906065829319153,0.9620219937733088,0.5827826775016844
0.9899831431930336,0.4321866846116973,0.2181639165188609,0.533970527932998
0.48650063042020075,0.7986908617750729,0.5303954703660334,0.25012363342950394
0.8329260093821197,0.458372922107653,0.1828896231885363,0.8554197221481152
0.25749836288207983,0.8040379997365663,0.019435997930888016,0.11086610288732157
0.43264996542605105,0.9278583622502037,0.7039280348804574,0.929592290857213
0.5052479677673533,0.6164152715214849,0.1205286611264087,0.5192713703028563
0.08416585974413737,0.6533526464444155,0.33120249611697283,0.1975553991896959
0.9173538563304096,0.34866493441553326,0.40146612844243956,0.6061016034982664
0.5125310493804083,0.5584046970122812,0.5919537963814859,0.039677208593782876
0.593149918490143,0.842159108057417,0.5576243780298514,0.41482913652690223
0.022188754781377718,0.744618634728844,0.31757266103873383,0.1052500971616438
0.43328991051406374,1.2667065069527084e-05,0.5451228503855318,0.6506277578694557
0.47933417297292114,0.0008238143745317172,0.572349397208621,0.35451392878264465
0.20733980821391995,0.600983299232029,0.29769749249681876,0.8459165837259804
0.16747513254856528,0.6922621807022629,0.6789081787003365,0.9545289867044099
0.7083201855176037,0.6723004929239333,0.7973103827946654,0.9016773123718005
0.688890491281124,0.7320463455659636,0.7522490401512293,0.9128553290671447
0.40531076037748015,0.315063192022907,0.4068321403865509,0.7799653975561295
0.9387040288152837,0.07365356333271633,0.1522790855488435,0.9517037620446642
0.45725428045532723,0.9617965084343637,0.22192641932740897,0.6241687350783147
0.6316229598028421,0.6985641475845997,0.16935318151526035,0.40193451917214007
0.813071102897993,0.9290051368702708,0.3623747453603906,0.9402911394752298
0.8455731152205715,0.17916984875218078,0.9101657791235376,0.3494707896333803
0.04735649647089735,0.7307699233415861,0.03184374299169368,0.37915228511972954
0.8375154224474455,0.6027807383099762,0.2085225851999266,0.8895803877838904
0.1811098668717468,0.059608815745559096,0.7206863689883938,0.6236870403269871
0.44203321975240684,0.8589062115021454,0.41431521673278393,0.21439149035461924
0.13893436803840786,0.7064688813479765,0.7815422443742162,0.6330191934986773
0.39857381882712506,0.10908296010219132,0.21017607586861742,0.4887551096418451
0.41759536709620904,0.9867799275146728,0.4049170820600142,0.15537839698218558
0.7072387099958023,0.37099516021550016,0.23249967298329466,0.6487109481715413
0.4721121465838223,0.8284745092975851,0.6101882501227667,0.1722860891827579
0.8348250203536448,0.20380225357227277,0.47975450407247744,0.7696107975935799
0.04801727340605155,0.6413980312423726,0.9138673067981109,0.7729509754199995
0.01156407085564859,0.6414562083223138,0.1804424475857782,0.7630480434559163
0.33127350466917094,0.7993289297533824,0.7600719726973765,0.15101404450968636
0.6434432923436323,0.6670363301991314,0.03598674303017857,0.7517513932111798
0.5549872604931683,0.9401368773462442,0.04690544059534407,0.350593336812413
0.13012028300222944,0.23763113561410554,0.7570523469862989,0.6150742242958599
0.15968902404235974,0.7652188764323077,0.1728359521979923,0.2872315858273897
0.6511195045785428,0.35623209467507355,0.2078043174527724,0.04992927691891769
0.8781297316685938,0.8244227455167575,0.8698070886254456,0.2526011618739753
0.7816809937159704,0.13148725764007163,0.01631070147923963,0.5394101886504667
0.4113127323964466,0.6936415787972156,0.50566512904934,0.6906233011915608
0.36858311284154155,0.3706213715088216,0.1961317476038369,0.005069933296184437
0.6619819691853359,0.9925309667231218,0.3071640642870306,0.9688531281010226
0.5387230154850413,0.2586108829229017,0.2199328761984225,0.5028105261716818
0.6996576751163529,0.051404809202005186,0.627186830910645,0.021256579619698956
0.5289813667059386,0.23904185839759706,0.0027885376573059117,0.9297145697488097
0.1816750349035069,0.6023406767391242,0.05952203773869991,0.054489042345314376
0.1362750065542625,0.7807726673897085,0.4403585592552758,0.6870340321504118
0.39684723770268915,0.5516799414460513,0.43260257738767127,0.7638274360795495
0.657075371447576,0.35240440920171934,0.5808506975441093,0.2031882741468758
0.6654171663454815,0.9141820720450459,0.9770010441425142,0.5259769166158843
0.4729553478104769,0.27928534146393746,0.9914720748814078,0.6414059303455875
0.10387193620687563,0.003197308425501033,0.02706361529547774,0.8800783562083824
0.13097054678845876,0.3592155657678179,0.8754155820219207,0.28564478223090073
0.40684687385126406,0.7423922396234379,0.5799569471382127,0.6998224929968527
0.2455341189934962,0.5970759357626114,0.0057561441062109475,0.42538194417685915
0.05809590531302422,0.22662685739973898,0.15636336957976515,0.8508084602614112
0.9299927851825113,0.2108050453155801,0.0374048638326987,0.42332041500192275
0.5481390775461411,0.1014014238491926,0.7392068554368155,0.5854285006647688
0.21120694680392782,0.7060658097709283,0.24834305559401404,0.7360122273199162
0.41399773168815435,0.5383741219275283,0.051516289032968676,0.06274651858891134
0.23283427768098497,0.8612145139794082,0.8790667327028782,0.46780971091931767
0.212789447287133,0.7971425654092447,0.9347079228444304,0.9332893091158355
0.6855574969775968,0.5062571086950569,0.4625319651907376,0.737886271907873
0.29125750277443474,0.5270255516560166,0.2969964502337026,0.5736747641180369
0.476724308607562,0.3837202278404047,0.07650398600265162,0.2644506226449893
0.3354381508803572,0.6892089975283686,0.027357513766723462,0.6318409286269558
0.4202597337434888,0.565637181160071,0.004033658994650691,0.1559177868992132
0.5939524698478175,0.5570363459993025,0.9114380701298009,0.009768777931922545
0.7949596975996277,0.9356759393096639,0.410156779515372,0.35501131895523286
0.013570631468600935,0.9476866949370328,0.09855220848590118,0.1887095342634605
0.9671987327984221,0.2093400647967586,0.3617185842131312,0.4373904630057176
0.24281229001116666,0.373933234805766,0.318641690038701,0.4846619672224315
0.5265208044451319,0.624533968930124,0.03803636069936267,0.8621244598835565
0.7028754538539161,0.05659296939028924,0.8780048723173322,0.4817984298691903
0.9142569173578139,0.02425759966706409,0.10544583756605508,0.7615522892221768
0.6834982646546967,0.7434344853868257,0.09190121786530214,0.9283908283485506
0.43695552161943796,0.3727464221235185,0.7291672302674584,0.6000003074762965
0.7428333557931271,0.20742381148429734,0.9922642413630609,0.09426397658645824
0.23226922408517658,0.6156395627683271,0.8934467709615544,0.29736136894873466
0.5661100416876949,0.9218936618263454,0.284937904174588,0.6294842753077978
0.6917346934159729,0.7559755747788767,0.6393708371793777,0.11913183552561557
0.5362436896728602,0.6207843945169346,0.706523158614102,0.4788611686752646
0.21490866754365023,0.8062280446075832,0.20837609845950045,0.7592031271637659
0.836497887248073,0.8279586047132954,0.13896840892158413,0.9962763502521965
0.011550499967434735,0.9009410467207611,0.37536379935455033,0.9605944416901161
0.5388532854215505,0.294807541979091,0.7545972272740094,0.1558313361877146
0.343971842312233,0.9470964585000106,0.4249195648301104,0.2856313929568679
0.2959176138707187,0.35201811727881416,0.22684310432491628,0.9613453086649375
0.8842483515162195,0.5716320105534196,0.6367492707608251,0.12987149642934148
0.4139152274555735,0.5227605885164476,0.2534018946466283,0.36699985727037754
0.20830777291958358,0.2700160889432065,0.0555051945857189,0.2145630506532329
0.5048304523856492,0.5999768656888423,0.9661086052285668,0.6232860867805827
0.2923427134923542,0.8595841848413854,0.492520975445763,0.8120249178590634
0.20682248066812914,0.44366680072812015,0.6487343265886203,0.795598260290772
0.8489224321899259,0.7856750580412024,0.26278540236937264,0.9852661983966411
0.8438197259072135,0.33115499461707576,0.32988265121821236,0.830399782000711
0.9555466561412532,0.9883472741113093,0.8529983292997978,0.8982129813122209
0.5025368659005696,0.2587217599598357,0.5890786577904712,0.8778544687684842
0.6666593244470381,0.9958667391436801,0.6049886898116242,0.5262342007432668
0.021925930092924983,0.2528941391806092,0.557286643037239,0.4952947957458288
0.9465298851081003,0.4706967164499267,0.4715219054229254,0.7261327915251328
0.039251729190689644,0.6488545266324891,0.3746792115330636,0.7964013259967854
0.8595727964040721,0.684458641786693,0.9641870640399752,0.511162848973724
0.534770135861107,0.7176815452273837,0.7397466161730488,0.9118850294648849
0.9636335392198332,0.7045515760454077,0.5815944460883883,0.293905143685549
0.4152113723805372,0.42308224864608357,0.8316012828446624,0.13005994578164337
0.025634182722643617,0.9290053807562328,0.6745883704631608,0.7472623717116043
0.5233672137723661,0.3504158245945532,0.8008638980898196,0.5995604325099669
0.6095041169834268,0.0020817804843383803,0.9470586430809934,0.3537459891157304
0.6287438279021712,0.4726981777211947,0.8804211486198422,0.7769455607493272
0.7822991406848133,0.545124941598741,0.01811888298450215,0.07071558723121774
0.22109327340790919,0.8313174240036988,0.606020233657081,0.8393801331046806
0.6280044442955433,0.7621980585005543,0.7872011694456984,0.7472878862371714
0.2563888078410398,0.18297296116924755,0.5075701446281343,0.3240828349359336
0.25567896924088696,0.20808850983868865,0.9733148167335407,0.41571986646286485
0.2635334213340692,0.5892675407387887,0.9594363114282856,0.507523123181453
0.9713460606876916,0.2800754227306783,0.2608982825826478,0.08053553164013227
0.12533437898093602,0.8973138379746799,0.7638363041022683,0.12488517001041288
0.7818775005132149,0.7415628875058554,0.7769297528013949,0.9225758196005363
0.33208429702451814,0.7108553493054102,0.7682594709689144,0.0342691591866604
0.9786686311545787,0.8697186417533367,0.5901924826551393,0.4980187584182981
0.1656455704382468,0.9130235198377995,0.6843284454351426,0.6567453202985641
0.5510933533776253,0.24565529388128482,0.2682646682734763,0.034389516607709614
0.672900032766434,0.5315929237256014,0.5130002636818569,0.9573690453354518
0.9881811301254723,0.872534902205811,0.42559933004487016,0.4144745382058901
0.4638491861367069,0.5203094375425972,0.967696718933045,0.39836660666266266
0.056019259206013694,0.06164097755530129,0.1469880696098148,0.20894694843309303
0.7127927251648107,0.6021237074558352,0.42554396585885135,0.8936661438256354
0.704383861454718,0.8565360782879937,0.7436113366664294,0.8113873542180555
0.6678079862020384,0.388008975569899,0.9031382229531776,0.4498572922930648
0.66286594392754,0.018370206931671906,0.925247203301517,0.1733557937317145
0.7289837631087976,0.07320827516033324,0.7873885337483643,0.540030920929334
0.8214605497571292,0.9865604470069684,0.3273277591961822,0.7016608625591294
0.6295492429637269,0.6030853748344275,0.9679454825347588,0.5350516862842006
0.9682587320207147,0.5328620344495227,0.4521716133859055,0.04615014411524665
0.5853556072358324,0.8527958118480734,0.6477722025700007,0.9200320535491349
0.09640473560736462,0.2627759949320676,0.8523103156907229,0.6095216750055539
0.5116761307277959,0.5799327728990414,0.503882975560605,0.8921570751096358
0.8562436338020168,0.4416991909707888,0.2756867542999305,0.5829244512413558
0.38836356684029805,0.7412712602872373,0.21693930074156575,0.4460500037410622
0.6066864471257477,0.31561196161050264,0.3335983399865158,0.2819558438769054
0.1501042028157431,0.2303497468652379,0.5937541156700569,0.49262566885442804
0.38320947396386185,0.20672812478962221,0.11257207924413137,0.5394911629720488
0.6782382269891428,0.8667869585391276,0.3970540215542522,0.6001268418298124
0.9499128718915919,0.03333982903675148,0.8757337912947518,0.2933568913589819
0.34475316170965875,0.5245328940733414,0.3594810113143442,0.14532579503891296
0.7438284622176868,0.9386664211961304,0.6813214484852866,0.13413244862750007
0.1367607709117553,0.11384468454973617,0.041061764237299125,0.3403145445184298
0.4585610296576452,0.7649450805064144,0.7948752261508086,0.7858739828282207
0.029138788300205443,0.8012810488539613,0.24389672490364767,0.8054110064963823
0.8710706200601095,0.7157245872905618,0.1584132467065763,0.009975889208471478
0.15131755235613298,0.7884607565413214,0.5096150937854594,0.6195176953819226
0.6342770169533016,0.6374593007620135,0.039771390994867706,0.8989503917429821
0.42688043461090486,0.319665465769441,0.6597831178977642,0.9414733718958248
0.46189374341474665,0.02203069418916226,0.3916903399412478,0.8177371990703118
0.6904559307332288,0.9159388269124732,0.5388741497446998,0.9517843879774149
0.6261287977677235,0.08429932346708435,0.9227956803407455,0.14143224832186208
0.9170405070081195,0.250143513083792,0.04286635660472904,0.7994632497390818
0.09822989111161606,0.5760555131876088,0.033327158578482785,0.05543423743100795
0.4652702331866835,0.7926472550657986,0.3928788130101616,0.24847303412573818
0.28439779973361723,0.24874930329733536,0.024032613552778304,0.966352857244275
0.5952805120312287,0.47709195282356853,0.062128413769036994,0.5153784555157142
0.6503296056868199,0.6513953326754627,0.5931495002120789,0.23625708767771614
0.5501412905205182,0.9782903810231938,0.8718535695575158,0.5839729226405579
0.8375379283419926,0.3931243928553124,0.5327186607607582,0.820428726456905
0.11135239300933641,0.47256400853341496,0.12179626580697112,0.21864596009836534
0.9619399712487373,0.24449092442887466,0.03473932430070503,0.8234654363770679
0.32487367973885284,0.27309578251447597,0.24503180809416114,0.23550874498603847
0.8578781804845422,0.26364004853025047,0.7330710003526607,0.3786175806790757
0.4471123664714902,0.25189604595442094,0.7014462725908698,0.31721102177857663
0.8053358245558938,0.7028289558271883,0.07461131814867916,0.8827331155973335
0.7796497094930804,0.1190681385795358,0.1673906979167017,0.23406330706567624
0.8114147214447271,0.19818436825036567,0.4528794746017415,0.3287606003267938
0.16648031384773487,0.24061554931134,0.5530839991795967,0.21335061637154074
0.040854808517279406,0.011735725724431045,0.2513859871378066,0.04464350293875197
0.2533025924624034,0.1645881039620496,0.8685968222410251,0.3653830224763367
0.6884456791395884,0.0680467398470308,0.48646849882249465,0.5075230292214274
0.6084524174196787,0.6631459312832297,0.5943774417386026,0.16863646259078335
0.01925496241610536,0.8356380487864884,0.3970272618419445,0.5573787964131144
0.22971152599397449,0.9787345002268732,0.7675215692423228,0.3896720023214846
0.7488588956613774,0.44934438904956653,0.4717635257002285,0.5828884305131401
0.9197250733777801,0.37510398463809114,0.3078285673551734,0.15876825417952656
0.22587133120007663,0.8049206552030473,0.4157370763842848,0.9896657846608187
0.304677852630852,0.47292124982381123,0.6223079208887204,0.3404592007122129
0.4359018544690071,0.3275577132222314,0.6657272532444823,0.6918625482171824
0.45784785655486127,0.013529087366422776,0.7567454842955447,0.9831451000065832
0.9936937252890841,0.42008836466543875,0.9771190559875301,0.07356166812183285
0.029518916531172446,0.3127120754197228,0.926556345976793,0.08079211288263088
0.8041885208765407,0.9971434476879899,0.8943090384239805,0.30718188553992765
0.08404448826945199,0.9681947429777248,0.8125736790521784,0.27383886669073476
0.9455202910667836,0.6265568312402467,0.09139521141526341,0.31267850881417414
0.2615622572967681,0.636377030617135,0.6119655957582641,0.23174286203493588
0.6535723937223196,0.9198469049882111,0.26346755585088955,0.7195231353685501
0.37929439630116357,0.12320028801576077,0.6652941320246365,0.598908072298883
0.40980766846616623,0.8782064400775444,0.6701275537230517,0.3524612072428659
0.2471669214537543,0.8924137192339758,0.19912370012245795,0.01916508824056129
0.0368390455714398,0.35226039842700185,0.8595195082681538,0.8274952399862641
0.10911867688967958,0.4373618524425308,0.6897204760300977,0.20386635823189336
0.7767638107157984,0.1088968749974002,0.857769264192312,0.9457652324439947
0.9448977664815017,0.8777659873462008,0.6185729664292534,0.31239957064727475
0.9561538719802718,0.0925251348350492,0.9134358630654116,0.5986270555667507
0.7295855754942722,0.5983443517963033,0.7779950042361264,0.054048889139362455
0.09708297676238953,0.44626918851002007,0.12182564292807363,0.3119246626149742
0.8834606637597266,0.19930654133316905,0.7992464862290439,0.8956295199227146
0.6577896233725214,0.19933744103561535,0.6440630395343647,0.7018822770352481
0.9782578327486953,0.7841795644754529,0.3133886929480182,0.16434090981934935
0.05814718922042028,0.6260039181808437,0.4181182115127552,0.29803470749077143
0.8700266127488842,0.5201972892650447,0.1674429536965928,0.22585875726512405
0.07458242749938471,0.2109040751621145,0.30804311042869825,0.61172611305073
0.3217231381320622,0.9279102450474875,0.8880242013871317,0.3539043731458309
0.8606580349916466,0.6601556548663169,0.22562303886109836,0.9267374664437121
0.999201890639976,0.065580171160743,0.7678337897952556,0.4574212693152413
0.688623038414829,0.36015999913361807,0.4703085346031023,0.4649582209665115
0.9764822792035883,0.31488313554724456,0.1933094448439977,0.8066226204499406
0.8021344509647568,0.06545406355051919,0.7187293474969041,0.9690022405301548
0.6624397009003341,0.5811499652371908,0.8870000467565279,0.622933506373911
0.9911191269759151,0.3537042311714692,0.3368112490196812,0.20395996284378004
0.678012868533823,0.8525190485464927,0.028215970710370963,0.1194340567556329
0.3481726186678513,0.00799520307307533,0.01409492700502013,0.30963165636424617
0.9245293344357656,0.4450437564630141,0.07836600663932203,0.9751512111481736
0.5151855110918034,0.8557525067328671,0.22038871376574065,0.43270533640010966
0.7280808819566562,0.9913688119697827,0.8252492893593467,0.9233731752968547
0.9512918537859103,0.7772310092238305,0.12263005308549024,0.22435821502727837
0.2615799962588894,0.6822470795367221,0.6039103868179946,0.48743470774405273
0.2913914343972108,0.5241335894610162,0.7425108563281252,0.4215983579879742
0.6624883230914993,0.17756630226016012,0.6003765052644051,0.42657617375964696
0.8254419568250152,0.2004315874665782,0.07613520643889593,0.608481735923275
0.7212114516423996,0.16567050428122565,0.2484034163905422,0.6134000136084207
0.9355974470304291,0.8359920960406418,0.673381403720146,0.6522104559484116
0.44463109431699543,0.2627646932493568,0.35413167223332753,0.16888979481645494
0.7419346419677763,0.9574689132635519,0.6082833503556783,0.4071239329658971
0.943680039509723,0.4419029598035604,0.07444874647493394,0.663456533983877
0.06254432271368493,0.7716704952257446,0.8938520057315267,0.6019666332195954
0.746066719438476,0.822726749690164,0.8553855166756584,0.6454727423403714
0.8881731971081884,0.09516612158841675,0.06499445123425163,0.7390140007686473
0.16320434002883955,0.24111409362088998,0.15790826546307846,0.48371213268055835
0.4241025861204669,0.9999331630447548,0.7180603204411479,0.34999946488002465
0.034069903577129246,0.8022165788100042,0.536618752673412,0.14560632701370402
0.31097659612473805,0.5674858313626238,0.28965920944087375,0.7543358611190518
0.8500839440448061,0.7132630866673754,0.5524975740674148,0.3347213936524056
0.6303091007804955,0.14964084302811165,0.33840574391643063,0.2830073591421326
0.6500940542726548,0.9716696810690606,0.31131990177446744,0.24952226669112476
0.9529820065975659,0.31444739628594476,0.014764419942538187,0.5187788464053548
0.8646472987813439,0.018751368701226623,0.331101834890157,0.6581188463193951
0.6961609476225425,0.03839302323635463,0.6393240215230624,0.7098632537813053
0.8856418587521998,0.5966972226431522,0.40331159611232814,0.9132370479485443
0.36289497364567824,0.5363366282502771,0.03251735049232107,0.20389714888428057
0.41621744374708713,0.769835031820915,0.7201894092506447,0.23129783513230306
0.21481423504636132,0.5099108567380846,0.9866940643693274,0.03172138699851779
0.009719080487597398,0.8463347407270219,0.3811974981470414,0.3523395710720256
0.9497073850461745,0.6912602420315441,0.09795791993136638,0.028868283818095808
0.9030507169529287,0.46158551918487845,0.5195589524191498,0.8134400573127959
0.2853730602851332,0.4904344414773819,0.06722965380486323,0.48551636964352973
0.048377151301521204,0.6165583627303799,0.12920572688763998,0.8109896409610942
0.11581485013374893,0.1922631708193433,0.36215708756810283,0.9388553541897087
0.27074129214669107,0.4952900711579178,0.36484315949907753,0.04165982226359988
0.5534068684480554,0.04836769152064557,0.6082278282457644,0.33988616519193127
0.27490777457201965,0.9446261449536605,0.5510377679836849,0.7661815985556406
0.2127666091729712,0.8764689274932634,0.8839905561990573,0.7127840103214649
0.7956465125651011,0.4140902324461839,0.8066927552488101,0.3374822693484716
0.8580136284010103,0.9000886866316563,0.26526273397120204,0.8974630558219567
0.25443854036796965,0.9305056285252428,0.236450640153252,0.9704162825690062
0.6903137536790661,0.6394669241042649,0.2800812304887491,0.2752011419173016
0.8325310158902912,0.06987110374773431,0.3910139961052783,0.727979363581126
0.07845480941326333,0.3470400581833306,0.9609302399599745,0.9352866239819303
0.8707954606473923,0.7569357211676255,0.5437357043014408,0.9880926440030254
0.9029185510001884,0.2315939161002789,0.4564790084582597,0.12125696045719148
0.2107687735857875,0.3516873976455912,0.1459324788149835,0.08418414603451452
0.482696034596242,0.6390342524527645,0.6047514577224198,0.22724445584509578
0.8126873001816073,0.05099486636536754,0.5335630982408412,0.7006511354175586
0.46287248657285707,0.8582006622427394,0.1005527056722274,0.9276425155940391
0.5821106197336378,0.638528756281434,0.5437772226520089,0.16619662367747456
0.8165619213605929,0.5010807837865215,0.9947887962416088,0.6028042177625044
0.06986004008614877,0.3498975903956236,0.28770797779740687,0.762952805534463
0.2647929167205333,0.336694730719842,0.17026291504360935,0.7034083782280015
0.6916141947245065,0.7959236796451099,0.9039079225336137,0.7657687800308307
0.8746946717946218,0.624035413232296,0.15864119345011307,0.08159580958046808
0.5737615030381142,0.8596295847034005,0.012647434517453982,0.10978062559810287
0.5278158004042972,0.47088497774468785,0.46723125644166086,0.8282547862360229
0.47478860296053804,0.4931810245590026,0.40462813801308983,0.28993283219296084
0.10351241001752043,0.648433328298324,0.2068693072456581,0.6278912416325096
0.851088783424447,0.20695306004885716,0.7449162311844119,0.3282568868004555
0.3323591485648616,0.1570313943923971,0.9545582170069746,0.7986364927436311
0.8642027821819366,0.6653222775805109,0.7311244545370764,0.6595836759539212
0.5173488087026423,0.40082817075591526,0.9674654083722377,0.6954376831078563
0.7536951168268594,0.7846371581254408,0.12158720879231077,0.12129570899122544
0.07019131637124898,0.12766784483319527,0.35981655366873766,0.7140053005086081
0.37053542511958437,0.6163152489773093,0.33481435372160717,0.6879711177902529
0.7002245436151736,0.9906568093769568,0.7356282830065324,0.6045894657875097
0.40698618692073374,0.15711013591349798,0.08209631042066712,0.41353170481789747
0.6283745659651597,0.9217924329842055,0.6711535593902538,0.10321755558158907
0.2817832304482184,0.2651281470608621,0.1296101810239113,0.306439407527364
0.9769223572075615,0.25115536437531916,0.21129521090607883,0.5662566470289147
0.9580750736840016,0.1820405988011834,0.3567296163570045,0.28750239125848387
0.4702863188532418,0.37871407586846806,0.05200251747946083,0.8215105043728277
0.1751766355741522,0.7841257461565315,0.2706120084421443,0.21382456965009555
0.03221125672651892,0.9627624986261308,0.4350489032562185,0.3548306401141801
0.4357160495571315,0.3877217303698872,0.7762629681855225,0.5402951543707417
0.39517711739200945,0.28598714313411866,0.8601612733042677,0.48604484948293825
0.8101444729137088,0.9092799836837262,0.339630545980646,0.7585230840907645
0.9327742043823367,0.5516330541700826,0.9273779969871869,0.1446316625415478
0.07850966996013475,0.01726165080528097,0.2763318534724031,0.185918787799625
0.8451802626331713,0.28360618066985344,0.3554842559064626,0.08526776755574028
0.8158323459396836,0.12683030701526898,0.25044729765222373,0.06125277102882187
0.3888964841453949,0.2858483160658084,0.7295943921769589,0.15620641870478047
0.827694323039528,0.5205398366097717,0.17647681658867564,0.9672913317583006
0.4570072648964816,0.2271978339828269,0.8601817121662956,0.6465943688737958
0.3989551841038015,0.2783515180088284,0.5076777525315874,0.7795422498314998
0.7550012628256015,0.6618480300618304,0.45205387021977395,0.029427546053831466
0.1676292596709209,0.6871766339095671,0.6514450034882905,0.044490908948374375
0.48538874901268825,0.38953018002351036,0.6346314434857376,0.5236380888748198
0.5629061272027003,0.14339339661209516,0.41435859179523393,0.3393539653036689
0.48103861902884026,0.052201734143183076,0.32207537298796274,0.02076393790810105
0.5001666429372333,0.17982702416295993,0.5349566292766287,0.8765667099445992
0.5940984768754903,0.3819453953968165,0.8276035461247405,0.7840551024788611
0.23973605639003404,0.16349827679505757,0.39755059793338166,0.45396729121205515
0.8239266462657324,0.9839080835192792,0.7106080782340713,0.9068382926919605
0.10636241558614168,0.5295952896078148,0.3624803920480457,0.2535301093804677
0.9347501787289639,0.23580505835624577,0.9761042081925885,0.9644256442716724
0.5901897901223121,0.8843498287467896,0.2765845608858105,0.8780556907868754
0.8716917692491692,0.8777646633398413,0.9502026238121432,0.9931925935524707
0.23433509834138722,0.8754332666334383,0.5153800853645003,0.07310970335883848
0.40928138190036967,0.3251119737652164,0.3598310958336247,0.8624916650516626
0.14654224319489406,0.8123381972535816,0.1764088943169022,0.9744996346927021
0.3225388613089091,0.2020464426971058,0.8732421491114878,0.411144289796726
0.6234830956482481,0.43484433202418404,0.5133319173920404,0.8039900922049567
0.46377753651252207,0.7062147338517502,0.7130031346264,0.8404071251609125
0.9225747435940964,0.9499327428938327,0.29380309556743767,0.4012684829233091
0.31850275512627346,0.09036271743151669,0.9798257843526431,0.6360020059565179
0.6273257815809108,0.2913408270654957,0.6907865512022584,0.334422018374557
0.04121717950808523,0.36092940150811137,0.4002768742926578,0.9992373428819633
0.17691296908406173,0.4377562069229508,0.837663412750768,0.46162547059361736
0.2590812337450412,0.3709372038815564,0.5191140825816295,0.8119033827945153
0.4497881247288412,0.47554598393533376,0.24358292370774837,0.7448230327229857
0.41629858288703425,0.5343219780378227,0.28015771365498676,0.7129376592717706
0.06748293634953317,0.4865361906986314,0.11323660014920289,0.7859669351573462
0.6757796281660452,0.6653804773576164,0.055899178873286104,0.7680329234528565
0.8854236647658652,0.2753798183751003,0.9322444668137405,0.5922448138697732
0.25552037275173234,0.48127451345066574,0.8638832827647694,0.8663091708292378
0.9197873859957163,0.2462685794926407,0.315702253243914,0.21957490419102765
0.40041507610338,0.3283181149877308,0.36399489350073855,0.4804981958220583
0.41890854774804387,0.2683727078476126,0.6710834837101886,0.5571452734395133
0.900617521772504,0.08388653272732571,0.4652886817400492,0.47000239210969874
0.6864790029491439,0.3561827812832401,0.40991306328005117,0.6649487096891209
0.5875390667793495,0.6087904197783064,0.8259210334403883,0.878910714699682
0.15734391643798484,0.33949944591504455,0.6643807777163969,0.49890164677681403
0.46146151906619715,0.1632718608429915,0.8146730551145939,0.7678894607517656
0.7090692674301378,0.23528486055613473,0.46609497762749497,0.6358791176423375
0.9959833730283357,0.9777291818947133,0.29369001586404586,0.7214388944642628
0.49342555475078687,0.4793553027622899,0.0483516219083292,0.1361001677162761
0.49660088385022216,0.1302704857371031,0.7079065914218636,0.4520542367987417
0.9400700673173106,0.5732201147141298,0.549134664022384,0.2356641937206514
0.6661736625207757,0.00030471651731966976,0.29994275616385535,0.343609897844406
0.4969339808766865,0.7501078566736378,0.8723621343495874,0.5486777076520458
0.8626094945102858,0.377875434251546,0.0434867999955062,0.6864264050752142
0.2975556447036989,0.11650773710600304,0.2614690210660122,0.7009941086521543
0.3523894268978036,0.9669221118804309,0.1821859041181576,0.7181436718442932
0.5107855816488417,0.6058373785197757,0.9607842067679295,0.3990359952360374
0.9939217372228811,0.4621103052865613,0.6565575705797008,0.37752402525855455
0.5749258490318115,0.9079048885948041,0.4574146266735377,0.3295192621303108
0.008226607267427077,0.7335022349606346,0.4266100935636571,0.06312251707449745
0.5224176652456839,0.6705274626867574,0.2988012095716225,0.4862831625911833
0.8862285579718586,0.14230156095412472,0.25489296835715447,0.00048818070459433205
0.18231734422113088,0.8169403183451519,0.21843176801948327,0.7510161989484655
0.6654682490746323,0.3718017207164517,0.38254322450791667,0.2162895276038871
0.23794813174030005,0.3166465968239599,0.9425527860934217,0.13285289750338125
0.21880332008995085,0.7159654154287829,0.3071805063950884,0.5955355923011837
0.8005772023966546,0.33590987154343177,0.9160553947022664,0.6790778115479482
0.2282956613374748,0.2935922284924495,0.4023508750293989,0.4421445730898639
0.3428392218793096,0.28855442192171465,0.33332200314394533,0.8594572905628604
0.4341958162789271,0.10320719783712995,0.7069841084867892,0.34773334120972843
0.8428474228006566,0.7672078901469485,0.24470801125951502,0.37908519297442056
0.41171468948998713,0.23417705252803045,0.11482543311844617,0.5182511582934829
0.18505821414917445,0.31681964080994196,0.6011234887062854,0.68920407495691
0.39471435620852646,0.3963071375864117,0.4458587635333886,0.14897260622043806
0.2047001070966754,0.1350604320326857,0.39312422597708074,0.23254529655519451
0.13639847066850297,0.4461867377166612,0.5130299207655123,0.5277997263041934
0.8617234937050303,0.5086428929547125,0.7328296538470384,0.9871497830370909
0.542713803463449,0.5504236343731619,0.7593701576779647,0.949224492628825
0.5944702484905766,0.5279415216400408,0.2330813382922432,0.9534622673135973
0.1943314705646535,0.9261939546609659,0.22232895873878256,0.7398058969363794
0.673179192907941,0.8680119372212763,0.7372992432407405,0.35986510288234264
0.8918129086703332,0.4979966383925235,0.2649604658471679,0.21030533437588206
0.04572817015755848,0.7464495725682855,0.5801067875704504,0.2919746780078918
0.8168609167354545,0.5339903586668264,0.41819578145444747,0.9932087596685862
0.018624281004372523,0.4333367063561886,0.11249623986781954,0.7664879028197471
0.3682408468885513,0.8926790712771026,0.4521824965665142,0.8565698918711937
0.817358348783376,0.9340828107841074,0.5474866404030355,0.6758392780758803
0.5559929417485373,0.005205415508460209,0.6001411788174259,0.4752004156806482
0.06209409257805909,0.5603143356858572,0.02471732569053553,0.190646927721299
0.2687062789164283,0.8851390655259304,0.9714723989797954,0.0662864119005746
0.8288463911391624,0.11571383826070791,0.13776630984627503,0.2828677796539323
0.7617138674968308,0.10907140000994298,0.4221878762936563,0.1555760820024451
0.8607716435721141,0.675635720025329,0.8601548954782084,0.12415950455133462
0.6507441079300184,0.6466808702265012,0.6310390604991203,0.24227192651286622
0.3235844539428223,0.23583571826756888,0.5437496096232647,0.3175602520825547
0.76622028889807,0.14374170860668467,0.7224578666087159,0.7587695947099488
0.25549763392152314,0.0006405048401196822,0.519869000723859,0.2674049092861196
0.040328982273122316,0.3622748758707198,0.12576189082765,0.5829559093076923
0.376399706273323,0.15517212658442814,0.2272287019376137,0.40169383044376017
0.6416719817546731,0.2013211730357779,0.8444764973031558,0.8564512475349041
0.7075754192789365,0.43268130415467954,0.8556794021598365,0.6173294041663108
0.5272002499228844,0.049617530141795374,0.6730462087189875,0.4286305305001832
0.9373782509535749,0.9862796031335074,0.7188749883655307,0.3628759915243398
0.09873687737584291,0.004528074794723169,0.5901949801469268,0.3028426177258722
0.2612489283193189,0.7321798974345678,0.0547795593266841,0.0015236448681448245
0.47183807596081184,0.2587931922898421,0.6470855970198854,0.7575557968662878
0.18359204910159255,0.7217428127218455,0.4983003427540924,0.3573313329532185
0.9721327753339528,0.9147495129814656,0.2336530010067024,0.26778662982491463
0.35767581527997205,0.4350859917987161,0.9537938969618033,0.8612694336193422
0.6868980540378191,0.5593029296900668,0.7428463854870256,0.8742079241668749
0.3199530251463396,0.7279899354335876,0.7380127440686911,0.42767215491206023
0.7707813597968882,0.36365061037296276,0.557020850959991,0.80133398716376
0.5025042177710394,0.4225824846723263,0.6031234640517715,0.3941123250576901
0.12894468588127395,0.2319470223210317,0.1232392479092902,0.06715705133421046
0.3347125753639746,0.6144040648425709,0.8836010862920307,0.6043151187882942
0.9362054912881678,0.31254356860047317,0.2920617594226398,0.963951170447685
0.9956563549583143,0.4865273638633134,0.10069478489425898,0.673544674351421
0.32950963945672185,0.5655108125435171,0.03778627186999883,0.47735834215656714
0.4159437601626156,0.8477053591715583,0.1828070977046543,0.504039058464821
0.09453240888826298,0.31926639987249594,0.18348461183530662,0.9298857355296182
0.09968319312700935,0.24128796342370462,0.4342646316561741,0.12350143065945951
0.9852643221339663,0.8482022073021389,0.6839751163708719,0.891929855853935
0.07017469737702431,0.0575040166716001,0.9434110625369347,0.3970816758399641
0.13055376758947068,0.4013730968288106,0.7120528194801318,0.6877447437941389
0.6125083548825871,0.17669195848371977,0.35880149684761153,0.38507664534928654
0.6633423462826602,0.5108425757100623,0.0036744466380319585,0.04738245222271942
0.9861088967780195,0.8876823679192211,0.9604967456013318,0.827989809203051
0.009283344587645903,0.18450366200279622,0.4352952179050612,0.7081847700827465
0.604259316090814,0.7139491119418965,0.2357334377722804,0.8667794702613151
0.3541514554907741,0.9112690659760312,0.8573370684081485,0.9812153514861714
0.9137859902448433,0.6031190215971066,0.6107923002239279,0.8337080785169245
0.3839436422680047,0.9568099872223434,0.24105279201921703,0.3063306126889176
0.798622097358763,0.7487067263343411,0.7903207611281782,0.2973002695733933
0.1344084043261996,0.3905930040119593,0.20355614942002265,0.9930347415040304
0.8633960658622282,0.1363275288950736,0.46775396055302676,0.13032005993911333
0.09675266606622313,0.07261159090831948,0.5706212646972054,0.779834306206671
0.5475406785327038,0.2937182175394527,0.32496575097898195,0.7998140141002482
0.2397737119121185,0.6162436903613734,0.08538639616747201,0.07793457857337982
0.12309577309351871,0.3388629158509536,0.018417150966341556,0.33859629838079464
0.980282046228777,0.27586324512593885,0.8240620512605107,0.04949212236164435
0.633733696584969,0.16069138579789077,0.5357839473539531,0.9437999944377339
0.40658766006852276,0.320371731958471,0.20444113260368768,0.8097243625436793
0.11305944807642221,0.5504227817862509,0.14176100378878587,0.18319417187265807
0.569178695658639,0.9792684697188422,0.023752032162460912,0.2738872239682606
0.165495347621208,0.8269713044519694,0.4058804196192406,0.018716046591632507
0.4033913374473701,0.30560360595087255,0.05983724642098076,0.8593101918389955
0.2525318328569789,0.24647824678483343,0.16531202417779334,0.937366058791133
0.31960494829954933,0.23747503483527577,0.09707488511245055,0.07649262907899768
0.8547050128883696,0.21061206629992546,0.7928084497543907,0.9309738336217708
0.7477875057456231,0.7408538514468096,0.40773518512112705,0.010301349826718154
0.45121417331427527,0.8129953708013176,0.07535268872546885,0.5039452003696477
0.3197476846804913,0.8751537726500411,0.697124099127543,0.22493182731458528
0.762822147732793,0.653708001586043,0.40449452278414766,0.15457349715991286
0.4912894180109557,0.11199781346410109,0.5200451444747928,0.6828906083968161
0.8506735900252379,0.9855949347423492,0.14528327781803374,0.33658820292738667
0.5132335612922069,0.22417424765098581,0.12761827871122666,0.576341033876285
0.94613519800217,0.4140772312219396,0.7134365468442719,0.5905650549729808
0.44833041721015965,0.6982656550292354,0.32704204330732967,0.1533913618289926
0.9148549346047541,0.10234282405291373,0.3908553504308485,0.557455023211603
0.9953506059358909,0.20300309751330015,0.11005554722875377,0.4166584233595637
0.17032759037775147,0.6245885066158745,0.9217244760877771,0.4287331603423369
0.16642158397270057,0.024903609115353165,0.9406587396328306,0.15601419574133213
0.2389113761614896,0.20404611277997464,0.008981912239476975,0.37991339431875715
0.10653542122400594,0.2632680406804938,0.30651679921497343,0.6072494395444225
0.5095318062669256,0.2956629128290946,0.1687380170892272,0.5017495831992931
0.9340836481703987,0.7129856890588492,0.29897023078535356,0.7924434757029664
0.0455772809564996,0.6610828350840977,0.8833352488503078,0.4759463532684315
0.6894668037002069,0.41791019631726944,0.029001967759770486,0.5835388262853922
0.6118620923617644,0.550486431953935,0.60938001614864,0.3503576528481329
0.8838742373714652,0.6323842004033682,0.1779171249222422,0.21430089992144097
0.05333027435093318,0.17968924839063927,0.8384071671061287,0.8809924233831158
0.27365543624733024,0.5473032594975192,0.5180447897899754,0.6976980955516624
0.3011496992816477,0.9866073025036853,0.9271582824029485,0.7581330841740047
0.8914372959443269,0.030620357504290263,0.582923844052301,0.49782403326170366
0.6285583316146055,0.6417474507002788,0.04910448048429272,0.06135588288142124
0.6559553222176638,0.784677168856291,0.8477765718295586,0.3400068985541075
0.13707184104332848,0.4577094665709278,0.4289526633980827,0.8091891088599656
0.2643355961045202,0.8667346813838178,0.13389891427452605,0.43071056915236405
0.5537254930533949,0.07787735915962835,0.8549117317685516,0.7003271774058686
0.9985416131570639,0.6159308737113773,0.2688461953807697,0.07138704866759571
0.17519510095957624,0.9988216129444193,0.6387011180846784,0.9326460865304399
0.6404105134610413,0.46962068472427476,0.8161787360978535,0.9689999512003474
0.315529755733876,0.506668183541474,0.3872093415971769,0.11905818854098427
0.4712394726787126,0.9572372063966612,0.5767418349676566,0.8642907341113221
0.46910741858801996,0.7691476498729393,0.9253917476787764,0.5358042498988113
0.19881680191652273,0.8922070411600592,0.35903829313201885,0.9354961664280884
0.4869578570376467,0.24042111628923413,0.3773176544674869,0.0048359137582532075
0.4258820491589941,0.9249578957779643,0.0677652228873511,0.04562520366378542
0.34877653966220346,0.18673669558496753,0.6782230722049105,0.632236439159631
0.11773946516890654,0.5505848953513032,0.7290105736235257,0.5815518169768655
0.2989731244355499,0.3042748605107488,0.832468499010067,0.2264762162462125
0.16823092582721777,0.4684936695856553,0.552067443729003,0.9031187888624818
0.04967860655543943,0.5866747393246257,0.11567626022251398,0.14368442013334315
0.7032179375160406,0.39848910677490024,0.7737259687977042,0.6214775958478673
0.404231623211053,0.11263937736546425,0.10942946213704874,0.2044514110156258
0.7442133405565076,0.7288129054329472,0.48942562651108934,0.8920834601492429
0.7169737956290895,0.3928343318537414,0.4194980939671956,0.5668196627337809
0.7069755509976764,0.8362080062871491,0.04284082895081798,0.8221236844890774
0.6604741992109202,0.07385068851246801,0.8497233573424932,0.890758473887666
0.7815505318137785,0.2845638979294516,0.6092113996706767,0.1695048466801936
0.35445436007787945,0.75435351037331,0.7657413439914621,0.005657600455320377
0.23927178881948252,0.6212856059354698,0.5158629975094357,0.2203094911872091
0.9172667196321055,0.8390810215081436,0.859515811130655,0.5607456727012909
0.6682261797580328,0.06146539152586916,0.3767992460017777,0.37491377200817577
0.9260235542688248,0.7639992825387171,0.13375222359775374,0.8974364493910892
0.14196683679920097,0.5063038086557157,0.3355764596575156,0.7159162372135305
0.5866162361145658,0.3784149691363956,0.876607488809837,0.343553038937195
0.5719458875928685,0.09072874662725705,0.6802948867487446,0.22546522263451807
0.922749329143144,0.024912167276160857,0.9779485838498962,0.551681292297743
0.16950145080975865,0.6621236337615236,0.3125909997312981,0.7447652409447026
0.9786545319013953,0.044303101012490353,0.6413313844957415,0.89453678434288
0.036348621919741864,0.44666684676246204,0.9410402470957755,0.11039844962268885
0.5848297719593895,0.9694650546235948,0.6946075405370253,0.6173944236899982
0.698871053526235,0.8584763305408206,0.7766962810844612,0.03385167957975066
0.4390031667126817,0.9089223293316712,0.8080992419981774,0.6091471982227648
0.5368523567061035,0.11835310832578483,0.5292824328576693,0.5129169749977109
0.3963250402178138,0.07615267354733146,0.3690273398084435,0.35850194624375853
0.29961885860722504,0.852730106283689,0.002502247208824193,0.5074212363888804
0.5868684767726128,0.7599335455316947,0.7278801314197164,0.014991439730896894
0.008103716223776813,0.46707696532086584,0.3192777471744862,0.6360890382378895
0.3534082494636793,0.30818722975234825,0.36186919943563856,0.46763893800682577
0.6461351621857829,0.24457449025431355,0.10862674038713127,0.47381433197936573
0.23250538110950714,0.9475680484619254,0.5724228913991483,0.7412490413470763
0.9857487222676745,0.4780428215772853,0.8998099281819592,0.9922397970269998
0.7127558756710494,0.42077610897965656,0.7478715590187304,0.6645982658723399
0.407404875950527,0.0017167972341100013,0.5206156685254527,0.36233011224032596
0.7071592449260361,0.6561852170040926,0.052466520377937975,0.6499053551099444
0.6163081308020799,0.3615556051452552,0.2546202398859365,0.03602313952189673
0.2723239094905431,0.3976451375615577,0.22181513930279084,0.9679975649802688
0.6145783022820593,0.7817553881730793,0.6098913903709438,0.32396394780194526
0.5762472645028215,0.27813090476205293,0.06804877412599408,0.21153193051332897
0.1348538647275861,0.9314987809459174,0.2052624586112295,0.8826845112391334
0.5536327062145969,0.82518217041237,0.5931396983031606,0.2503791854621954
0.13836078585858225,0.7999100323377415,0.7705483390654002,0.4051245004031191
0.08978668354559693,0.2088659139477198,0.10606911460319846,0.29149096161646526
0.24946739148019392,0.4928992272800726,0.7882671088384917,0.6141574601156597
0.1972161159990471,0.1528083867409623,0.8257053785133237,0.5428001539967353
0.6625221571220665,0.18060319138370484,0.7512543568270125,0.7982371258875749
0.7634808716451845,0.5514341997963106,0.3857050386428664,0.5595544284088816
0.42869505527914786,0.8211002043414728,0.3212069980413559,0.981016830460724
0.5269840472988855,0.4650226289338897,0.554142445496434,0.3437599954882088
0.10988522963011549,0.9393846570549654,0.37863679567578146,0.5150920878042001
0.14668117679925485,0.2061095484295089,0.9903349909341924,0.8751489815717757
0.7861108842546672,0.46918078401260166,0.45139531606246497,0.7741171561115034
0.6501067414241498,0.656878717399821,0.6977766748321238,0.09429302455836475
0.7619590501399174,0.1689691321362179,0.32104195036378536,0.0778363820943786
0.4952890990237243,0.8070177082554127,0.0408739990476642,0.22574775505089895
0.6969831498899204,0.21614817962674615,0.28423097529522134,0.7411405347386372
0.8852843870086313,0.44043073773895103,0.1823022938519927,0.8634342821758894
0.7989965265556054,0.4207033295117366,0.16058883067595098,0.5658246874248241
0.2911922348142675,0.053679153397007684,0.09044354900991336,0.26470925004529955
0.24022364064684976,0.2229257143758181,0.6776760797701936,0.1730493050040296
0.01910538596376332,0.37351280171566914,0.9414313883464103,0.48319848912361374
0.10501472392707378,0.7357447750155263,0.7517234739209091,0.03851715177393222
0.25750446207491795,0.6706305437571741,0.6232588240265279,0.682633589348377
0.23067603176990326,0.9430826994440652,0.045893153799562825,0.9204810834552632
0.13033594834062434,0.5220396103785744,0.3836401163147698,0.6749226027171189
0.9248800405352068,0.04336201747302637,0.3108019559684321,0.9071768157984014
0.4872279007135254,0.788562489659973,0.11286920343697815,0.29851731040019747
0.2286931932436067,0.18858394115259258,0.5887135120020435,0.5165325807876117
0.3544674203255851,0.5452795935170821,0.8550672378474209,0.47084806332610873
0.46320213886269623,0.7522574382245883,0.8678158535740221,0.3684022648483255
0.16463468811618376,0.038123263532960805,0.3593006338737489,0.5550105051931536
0.9918087881306106,0.4398388725055862,0.5509049279681569,0.47362411674506877
0.1081621153847463,0.8428499943931035,0.8362576355542257,0.9336712931912184
0.31459670760157754,0.40115130615718075,0.17829957249637685,0.7937336155158973
0.7815508475360681,0.0712685502932553,0.6416175962845988,0.10655285324543862
0.4388352795744064,0.13904534355529774,0.8029137669845805,0.5385264513379051
0.7865869194614952,0.1849795245191247,0.7216278436678781,0.4631147146744211
0.20853440158567715,0.6088132299011577,0.854597464626407,0.8971149322701848
0.7153757712653982,0.013314077867312313,0.008623568635861556,0.3027835238396417
0.8399006438371697,0.4026026382047515,0.5413993344014674,0.7341325754138855
0.8573866367964817,0.351110126103934,0.2387308587578072,0.529208305924863
0.3719364463138495,0.12426574002003976,0.05305868628367272,0.8747632221604305
0.9795158521777955,0.6172739102840888,0.6032646413511427,0.12388861630380021
0.2935832764891343,0.08712140540108093,0.7883081308331741,0.14751963047433958
0.8703981649062763,0.09142315617512697,0.1874042858427003,0.34542401612870133
0.8584184331597049,0.9784576627731796,0.31918101949630207,0.03293779747957981
0.5433676442729583,0.2938004693916425,0.1675908030546286,0.11053649820879086
0.33178731953182883,0.5294218137439344,0.05500564765395988,0.752358226868768
0.4282622253378432,0.21175508321050573,0.7258232338577133,0.014615352625413913
0.2812065428735646,0.9871080661598249,0.7749063118398036,0.24873529289496144
0.09133618342767658,0.42129755240415323,0.8908030724774512,0.41963894836100324
0.7531886193655197,0.9980715133975452,0.9249287521113214,0.5122633099206249
0.2802920340727174,0.8818953325388759,0.9073085943791012,0.8423606010958709
0.1990369824994087,0.5194132821868038,0.8518214830575783,0.6876953798302023
0.10246759979220632,0.9372489549279909,0.16011817740208423,0.9878643524473771
0.8483129839701208,0.7384231895907836,0.7167476166802452,0.35597925413759546
0.01563781108127782,0.666715294831969,0.2919039410764327,0.38788932957370625
0.6499221427528965,0.7799131500359449,0.5875901751976453,0.16599960804696723
0.08318198711403513,0.8303274025550562,0.533730768961799,0.9966824759664746
0.07881177104943415,0.11563901470343552,0.39108347150766676,0.18070674786731233
0.7194947890632566,0.2840414107279462,0.8204363238446282,0.7759155366020848
0.7342323653259936,0.5172542820300623,0.6911366768779003,0.2700836303350179
0.4602723928703454,0.0843478324599084,0.8630931714628004,0.6033867284320106
0.9838882165147503,0.33897943081767623,0.4555870571256174,0.38244299150477157
0.2281360402108964,0.09812349677830279,0.4902195680629029,0.6728680212143754
0.2198706674050911,0.06976698160275974,0.9750380573076045,0.9120659642361736
0.9644525077910912,0.15552552363056749,0.4458136853055835,0.9316236474025433
0.2462467864087574,0.18937276434435402,0.5055782301501873,0.6026357081558127
0.1993852876372847,0.12019372001267703,0.6582026202257643,0.722973067501535
0.856152723503473,0.6280915511719859,0.8399956352964323,0.6602705422170531
0.2934356809728277,0.3940089682129684,0.0490775968233752,0.10176573664027433
0.5409013184846012,0.20549206667903896,0.7284340309228865,0.4421387645469339
0.5994385013539998,0.3755483262670336,0.1952106162741103,0.9391940022339649
0.07467608975747508,0.5340235316567375,0.35331977606738507,0.1037632514130934
0.9648274416758605,0.9087759712471164,0.492732499823613,0.7858301119296166
0.8693738401057439,0.12408779990107954,0.39252762202038016,0.711953779507979
0.09264034518779785,0.6842758690679364,0.6850868717899592,0.10376984921944887
0.805498138772357,0.4703925974340796,0.7566129724848203,0.71019014816373
0.47665005279170014,0.6640614968536951,0.5382721264306628,0.8518777375919266
0.10443227432063462,0.775404555963885,0.5982159509254493,0.7595587292699421
0.9996417795223554,0.9481654719113268,0.6859830256401691,0.7551879648861337
0.9949296919826958,0.4437458526587559,0.4249930410351279,0.4448780270967436
0.8704492678773517,0.9707039689134341,0.9604222619217455,0.12432013580429502
0.12004914448063952,0.27241908063419096,0.7981408754831639,0.04190130784557067
0.48376077102153636,0.1819635807632185,0.45399871281952764,0.5257721994616859
0.13899332103976347,0.5756316106621198,0.7100609203375058,0.913608436537085
0.3126995087669503,0.22057833120496506,0.8858068399029455,0.1468621902899112
0.29005372396623075,0.4974933247142923,0.214325931071638,0.4413030294717438
0.5731648518615574,0.5146771652008857,0.2477701862077768,0.7447747169820317
0.14898742103691198,0.9123634248771336,0.2916115461051082,0.7846601025729147
0.5888933813420603,0.3243824781840563,0.4350241928125247,0.9433726428742902
0.27403284710730624,0.6816557585844581,0.19068096631668052,0.12627478050925045
0.39627086994446414,0.4611011783281864,0.2368514158792272,0.18059972951603676
0.8452385637479264,0.6095903234573394,0.9946536071401219,0.4418711767003827
0.5142228786565176,0.08813493434467334,0.7879313784312915,0.27227537868638474
0.8354614776253723,0.9539578563926885,0.6433442729265839,0.5620081213308188
0.6358436501023345,0.612643078022965,0.2773849524139912,0.44064461789569587
0.5411100051106185,0.6479569459779944,0.1052479408471152,0.3234222468266006
0.3405218912999888,0.830882971639132,0.010953878176215959,0.5963094991498225
0.02170474292667557,0.3041914665488582,0.5902824507297021,0.7614212046965483
0.2925756751515175,0.009704296133201673,0.14874729112354135,0.21035061776250163
0.24114477237782916,0.005047211203488389,0.5300648725806402,0.8314271935824569
0.2269806966612643,0.8415586086772279,0.415469203633117,0.8018758998436422
0.3297395208889836,0.753947890049138,0.7780257039823727,0.945447796300367
0.209892897176569,0.42207186159083376,0.022325856948454348,0.17380318782646087
0.6295190643181496,0.06754879241310252,0.16401816004226388,0.6496037666641542
0.44508876172087386,0.11552555609425597,0.14709980157871339,0.30849230215362167
0.6889610532303084,0.9204905274902017,0.40928232687967225,0.6124733547291252
0.17602993155478175,0.48385116439604803,0.9940605896221663,0.7034298105229816
0.30113557378342526,0.25396174152822115,0.838307264667038,0.9060166048491755
0.572824844041612,0.29907563044954066,0.16493775205156447,0.14147192038268852
0.6227392794025353,0.6421177503072574,0.7475861497637406,0.8368242347530414
0.8390209703699237,0.5460306401932701,0.7375421506805148,0.5892770595905731
0.20104751743083704,0.06613116126908813,0.43118338903167397,0.5361995656654671
0.5900217406476526,0.8204163859066002,0.024321538627266492,0.11322472954118701
0.759476965328579,0.44141345784019737,0.9905277542643117,0.5804829596518697
0.42413526844565863,0.3571203970738456,0.8232976402508347,0.2463701544146497
0.38962945644532443,0.3363544961099778,0.9737568020435854,0.6070772882605353
0.3409187581285934,0.07813792641886319,0.37248950103248823,0.6134910915731694
0.040578644299239075,0.01922429105483514,0.18361537986919185,0.9371534743673855
0.4846791284232066,0.9259808261301905,0.5107407740597143,0.5150024157453107
0.2746298432630234,0.377845004012905,0.6294213271892851,0.1565169089641697
0.22192438810704995,0.6462102351570358,0.17445527388847293,0.8461447209964433
0.586015194670818,0.8669030184403104,0.9769910803995395,0.4116740975597898
0.7605432883532607,0.8109044289949412,0.8854042550092633,0.4043293277340626
0.267725378076875,0.8754693958718305,0.560797815070435,0.3011028024121136
0.43405412256952325,0.24101860345554016,0.6477892599236464,0.5043038450730875
0.8426541214662673,0.6964176060405196,0.482804981492451,0.5884613397500392
0.2118992605139538,0.9712819037820722,0.3098445455549236,0.9255975240673691
0.7994811201936367,0.9672807935340276,0.7149142568136351,0.14179767713053293
0.8815196373455612,0.9928153138761706,0.6003736387604091,0.8743351927665183
0.23802909601118027,0.03868517186448872,0.599339345527454,0.8651338629243279
0.6407629562244308,0.17254657035985543,0.8567593592954215,0.03632396106733948
0.2679236105158779,0.40127083571857214,0.7180522136398393,0.21165780149184388
0.06761155626810988,0.7514050849488446,0.8263208331698143,0.3971131132606561
0.7989556091901615,0.8161320910373412,0.5214225265946898,0.20053821612105494
0.6375399903370876,0.3111635733717457,0.2775880748858801,0.5002139082552325
0.527491346713361,0.0503919791178391,0.12076597035843639,0.49564012227667187
0.4812267627394713,0.103140441014691,0.28503002772925834,0.15352889752193732
0.17609339773965116,0.05492962804331303,0.22448870769900142,0.5743247219265816
0.9099383010930618,0.8549791076327826,0.39200610292260196,0.3620525443789543
0.10913390563105607,0.4499346781839144,0.15652876740937005,0.8603859369078412
0.09516676958597126,0.8751114865643365,0.2552947691233445,0.2689108270342009
0.03753988014751908,0.4450839862423175,0.8855629203694122,0.18985757789585045
0.7907123355245428,0.009589397640045072,0.7619420908253841,0.6753478291747604
0.4806646138479276,0.5962792835549922,0.5641094863267337,0.5575597701099322
0.4036879770054166,0.4437981617263147,0.5715145938474018,0.5344083421188642
0.3653887714691807,0.50881069991717,0.3772363521502987,0.8669303568368408
0.4164270590632163,0.8042752251617202,0.31030552752387974,0.600145803612109
0.7648121302093933,0.6968169244109073,0.588191489778173,0.911901008261858
0.23696753177161312,0.45872444636354937,0.4878514533397589,0.38377266753554484
0.15968603854061214,0.23563331294163214,0.5198292874356848,0.2841896243968086
0.47829077490482896,0.9322119990928418,0.02488765420015826,0.45750689440224357
0.4530623680114104,0.0670384538293104,0.9279357694834924,0.6741342744553501
0.9695393480368953,0.5008838901917998,0.18917266231292829,0.9535790406480491
0.9703427493042083,0.469446385192532,0.3066631923743163,0.6048890054624037
0.8148320787084277,0.11318259512291362,0.675877079959084,0.6919625278726229
0.5635163490802444,0.08445625605735785,0.7088770760536101,0.8119303119801594
0.36790555362904886,0.5749650009804725,0.07283006452758067,0.2274404098410926
0.8400672730329323,0.44326817031290133,0.02058350666043729,0.30357471313327833
0.9123413426876599,0.599690496370078,0.11232240866320131,0.721888231821627
0.13647729172143408,0.4105548090139196,0.4053441695675629,0.32305837319783437
0.7755808520896119,0.10358181765027996,0.9508495132775465,0.25463069457786447
0.20586457669594882,0.2456936877067304,0.7505259421667781,0.8935080243906959
0.024791538900657994,0.7987366740589179,0.13580033283622317,0.10711244575696666
0.34608921096950773,0.7908724323839059,0.3320382457216111,0.20986253028924595
0.052637099220382844,0.30853554453214505,0.7730741156244989,0.4825712333611757
0.14995837077305152,0.5706073251475953,0.14143736228086579,0.4992266173050336
0.04170248004532451,0.9366565705232291,0.2458871356622092,0.5918378449364615
0.9551906291202794,0.6000233979276974,0.4476620607773001,0.9338201539592084
0.35806447290815613,0.9291758076322237,0.7995657808185329,0.43853708400035607
0.3406735105600651,0.2472980067276599,0.3680815450919873,0.18337732268181517
0.8000663987571777,0.758034409489347,0.9262992935191825,0.5788988766302694
0.4865915197239573,0.8949057858138935,0.8452837246711514,0.23460277816336672
0.6493884080222485,0.020255228901045363,0.8759383535306599,0.0337345775821003
0.10637372823951063,0.8083509906973422,0.41219062787148153,0.31951750071575846
0.9408931116337962,0.7502097826731725,0.2350445925574417,0.9201735569593801
0.9799833746959563,0.7811860256527347,0.2306512272561665,0.07887604759967592
0.20462907853969303,0.7397474277036136,0.9029884201694067,0.41156163675208635
0.6594130800448335,0.01582032989543214,0.8701882836557832,0.11002706420381636
0.11612688772013002,0.6519340252954576,0.2779784714360911,0.4967989003231127
0.1999925297492422,0.8275282843820362,0.9758161014473332,0.06223381791767335
0.13560317198079952,0.5824565591204843,0.8195678018012799,0.7354622808871099
0.6987795418608216,0.9004440338919032,0.12360878987481894,0.036210624905668065
0.41521781524260326,0.5061749257625421,0.10700706288949846,0.02229535814139527
0.1257681668514613,0.7178462668662514,0.029634169232197083,0.5299017704907999
0.055390161721945,0.9337437117155962,0.5608608474220712,0.2460244826179976
0.6059505802466381,0.42822730444149215,0.7267849439015347,0.8293783237024579
0.7733696590080135,0.03474135944547008,0.668614505267909,0.8598397793929629
0.16602070409795233,0.5527845256860194,0.08590872540382422,0.2209753417047523
0.30795422886447843,0.09434977105206821,0.02256065910670757,0.682944855392089
0.8748896112907123,0.33182255046350584,0.6908619282388286,0.45193144553152576
0.6029296351205878,0.6020157658236444,0.5015340153898457,0.7005206252324602
0.3367843059170522,0.6901281585128985,0.4015040514874255,0.2049955678734613
0.043026742831047904,0.3323899804520819,0.4474801854405248,0.9612700997034251
0.17738478769870636,0.9494018027060707,0.714425021740983,0.9629984655814922
0.8754073559979951,0.998203684332036,0.17270269704965724,0.8385389906693618
0.312520464575756,0.25286879181122046,0.19266410337932072,0.9777547228722618
0.9590664464777052,0.37366348907098157,0.9374992647972323,0.13923744659753756
0.515643278801742,0.047379165752876706,0.5627755695579965,0.9597525315364964
0.5803932471276697,0.5687759012851068,0.6286080456453688,0.31408988853480535
0.8057302407514735,0.41899099747392765,0.019451109887140605,0.3333274520010808
0.9628763941421035,0.29003191017770846,0.12380271158587308,0.7626481384315514
0.419126358152593,0.3178314708583343,0.7249007529484417,0.15916598799695914
0.8545746625305299,0.8265245016898408,0.9366715529696469,0.08659607284052473
0.1438544263269783,0.6368660299855476,0.6432457540167493,0.0748023598169879
0.19998278399859737,0.9571126439266249,0.6041771065846554,0.6882486381854254
0.13814385658494965,0.4420445543325323,0.3222293860603277,0.5392351055492968
0.2654682982712602,0.9230382357234544,0.8747068214516427,0.6881421694478015
0.6490990996740041,0.7898380164124558,0.3671543566830391,0.8750453137165167
0.21721606248855574,0.17443810170938,0.12328323554846232,0.5578471218565569
0.12784749285269015,0.1382703040573522,0.949776453057892,0.043739739249292864
0.45484374926914495,0.5778568532821654,0.5107408913137167,0.9585668683265431
0.8299187242873174,0.14569521884246583,0.8058817400399313,0.764232799111068
0.31900607411360316,0.05114611308332706,0.8381650479124525,0.2724959135262337
0.9602940371696707,0.14200215669911886,0.40479902615609153,0.15805343840649777
0.7623142291070204,0.5351895594997591,0.547579318410199,0.12438009423017082
0.02609296104963299,0.7302506126906979,0.7191161051925437,0.5409376090272322
0.3747287123669918,0.4459245917325213,0.3170178699649032,0.9211192131830086
0.5291963724919558,0.6386443032597615,0.2556708849485978,0.25936981939091863
0.9114221050432773,0.7251552318189157,0.7971227540123522,0.03702035884356458
0.5945076075570199,0.8805229520711285,0.6408715614207459,0.2516600495577547
0.576760019272365,0.3809684034925942,0.27455417934052606,0.49763958934955865
0.7426169082400814,0.8336521339727835,0.18591269049363912,0.9272344108229441
0.9108283915173688,0.9358194482130008,0.9271745965174106,0.18306804990957093
0.9579738289635487,0.23442708238483012,0.1967139391313718,0.834797776660693
0.9802565690369214,0.0100575447370016,0.062134385851832286,0.44479523643215957
0.3702573276064114,0.7944258973490259,0.7487541309882916,0.8665986213741966
0.9632331110176163,0.318526467107597,0.13679218436450147,0.7916475217309016
0.3607256313045899,0.32358579775102436,0.3033513713185577,0.7887243919725396
0.7019598359942462,0.549203292801323,0.9989064450033583,0.31650583815163136
0.20524796441585014,0.9631981145598107,0.2349022026016917,0.4352245431979843
0.3502221659581133,0.7986620131052906,0.33148877797477727,0.3660688125614039
0.7018576726606416,0.9750122307593652,0.6295271469739477,0.20913945348445617
0.8953401250826366,0.9397132768011863,0.038898746503256754,0.8556693173729691
0.48609815568414183,0.7856731215553229,0.19419833285383803,0.7778629391232917
0.8960480240191647,0.19950126966568305,0.37510528374752783,0.5491776738017073
0.7500977625321708,0.08981610477688418,0.5647193068205962,0.15965731326849342
0.2315750886721818,0.4937314838966065,0.5427353298362535,0.17322773161844907
0.0998886839102422,0.5908769836741088,0.8485291389881978,0.28672033957377063
0.9916015424259819,0.5583163550592503,0.10744219265229982,0.4038448898682012
0.4293554876031155,0.8166437879240583,0.7955611305234024,0.9820862829318746
0.28994253834749095,0.07599175712538841,0.33010356504634875,0.6420529037174167
0.2652893236275006,0.8057147459357119,0.30315439017920653,0.3586982036652465
0.45229117990307255,0.3068368936041923,0.2742233317025419,0.03823576387411476
0.23266356593511373,0.38088377423501296,0.6486236439151746,0.4723188818164079
0.6041025502243409,0.040006386101914426,0.5978178218499328,0.1634727737124516
0.43082581354899774,0.8972438741115332,0.23160837504885334,0.7328978666668864
0.29459779009573106,0.7931380896776642,0.39690806457030703,0.12441571697445741
0.26464403499422806,0.7090986089635177,0.8381150696868118,0.15242444369967478
0.7015201693481462,0.6890347293254792,0.044764527976779656,0.12348063197359727
0.9074279877340049,0.39501130913736515,0.6380900646756091,0.4342976284244682
0.04643594879640811,0.6069707933930985,0.12088359182830277,0.653697419497853
0.18316181711807622,0.5992836051771111,0.18624444608377988,0.3058036228305485
0.9672029845696833,0.41219831082597624,0.0780841680725386,0.6672224374790475
0.803147175416844,0.031111146149932378,0.7474682645486658,0.37854993443573015
0.43289252685143287,0.042924843773034405,0.27853784637183954,0.8929560085538656
0.5832665567572672,0.2749803714379524,0.20193522656199892,0.2994433569477911
0.2354786719244054,0.06028165526039975,0.8357356297769345,0.06765262866332789
0.7315236078530263,0.48152509760114226,0.9006292548299996,0.4382912733147639
0.571361533602063,0.3104330746516757,0.06471796411160158,0.2767282284527556
0.8385256491670232,0.8816606310396687,0.48124714411269054,0.7624140760379858
0.2436139528873541,0.34617964980101645,0.07850113977626294,0.8558602478680161
0.5018963937238682,0.12152150745606927,0.6627003469405529,0.8935204834812679
0.4755279418214138,0.34209452553364217,0.8738391212537988,0.8079711272857685
0.4680530849494382,0.5790541022534635,0.8509665983214961,0.4121712110109952
0.5370532777981659,0.15432679120307546,0.34757515196643307,0.42319056422359924
0.08046898079336118,0.7262578994308244,0.7364758190913299,0.4369992210173159
0.40138579123820284,0.37129868980373393,0.7495611378854233,0.6601545691841113
0.4616440109413108,0.530081270011587,0.4441984997788978,0.5337890212564947
0.44181344417095925,0.6110389211041607,0.020201057583371207,0.6146528667003096
0.2104087980704864,0.3088420142176401,0.1186343061201326,0.7889880776594334
0.9485470026711279,0.14014049997853506,0.2582144693366222,0.8331648782548787
0.5993026704419819,0.9759998388065725,0.8631265062682973,0.19773598501477385
0.008587689697913237,0.27119523989399674,0.5708816344731976,0.42023219350364616
0.25789476322891025,0.224908279707848,0.586643382289796,0.6333907819360521
0.6434217422499715,0.8067036148978081,0.07498153705784316,0.47919663711041216
0.2155273164307434,0.10269090928199454,0.6219541513560121,0.8372678860122227
0.21586470996835372,0.3795257634714524,0.42957028484780635,0.83124156251386
0.2473374711560995,0.0010796567222660647,0.08998596776799717,0.1455536806459412
0.3676022364168626,0.29620727710725503,0.09689982297659261,0.8495862575608686
0.30061582417989086,0.2255897450311547,0.08948633742019874,0.5163198675850482
0.8968224767080335,0.09245759066192016,0.12958604483841651,0.8272241733290869
0.9726372441337447,0.9619334385925005,0.6885085878672482,0.818944702960393
0.5157715150288562,0.3938535560597717,0.698419370533717,0.018135645804677747
0.8418965794429558,0.690687546035533,0.2718497174675004,0.47757230785201343
0.5963334442034941,0.002023343862993854,0.8768515581702061,0.1376225744936902
0.24530807867940407,0.7498493798495098,0.18543849132750723,0.3077877278290172
0.03675443848484716,0.22363202519402137,0.8843496280957417,0.8536287846371284
0.25769802988381185,0.8023988624602799,0.5174700535650344,0.521581232828199
0.8304580276256719,0.9223028421966193,0.5213495312309203,0.3810691310188635
0.9611688499886883,0.3420400649902646,0.5361980740808822,0.7631575918838981
0.7839914778911986,0.22890874763889824,0.5595367942393646,0.9275499878041448
0.9650707861427573,0.32081481589263694,0.3378532501098648,0.5105373259252357
0.5655655165886361,0.07015869797607022,0.9960630703503816,0.16295667313376172
0.23405751833806487,0.1070147241005297,0.08977722718469794,0.9437959464800941
0.6784655571180694,0.012570762790827916,0.35717987285727115,0.706351434667834
0.4243317967665813,0.1559880425739273,0.40120025173787155,0.916955428060984
0.4207450796334836,0.157809002768158,0.04978548432139662,0.8757391296339058
0.6173016462175696,0.05665682915575043,0.8714557192327592,0.011828294744852363
0.8223097931626377,0.444485203036325,0.8119802771064275,0.7098599486712952
0.6021409789886556,0.7060095819980026,0.9568591505317243,0.15063428513421828
0.8700176621867551,0.530226746340762,0.678361079431614,0.5602595622228033
0.009912782482587867,0.4070295155776721,0.40078450653079567,0.9255506158154991
0.2843241109730822,0.6745795103807493,0.5344471106126911,0.9947232898520565
0.6781560917306187,0.060378797967008735,0.7751371413645488,0.8859372889095528
0.9435641905551121,0.9494485299796265,0.9112669643374042,0.8030528674109426
0.41791303093944976,0.8596167665824104,0.9162980319481278,0.021480737973336383
0.3236696989636314,0.156683150807163,0.8363158616980767,0.25791301342575457
0.7680403872379863,0.12324901682224654,0.4619225638161032,0.8207966554435047
0.8246698735638031,0.250599734587741,0.4617098435306076,0.6569528241796062
0.4054840910043047,0.25360485120431453,0.44852121077773965,0.3350477321336065
0.6876046544962745,0.7166663757334231,0.2915963561611443,0.36952501085074796
0.4415844635540802,0.6683749718050856,0.627145462706072,0.6584936953344779
